Name,Maths,Science,English,Total,Average,Grade
Anuj,78,85,90,253,84.33333333333333,B
Rahul,45,50,40,135,45.0,D
Priya,92,88,95,275,91.66666666666667,A
Amit,30,35,25,90,30.0,F
Parth,90,60,86,236,78.66666666666667,B
Alkesh,99,89,94,282,94.0,A
Asha,86,78,86,250,83.33333333333333,B
Deep,59,67,85,211,70.33333333333333,C
Harsh,75,75,75,225,75.0,B
